{"cameraMode":{"drawMode":0,"name":"Shaded","section":"Shading Mode"},"sceneLighting":true,"audioPlay":false,"sceneViewState":{"m_AlwaysRefresh":false,"showFog":true,"showSkybox":true,"showFlares":true,"showImageEffects":true,"showParticleSystems":true,"showVisualEffectGraphs":true,"m_FxEnabled":true},"in2DMode":false,"pivot":{"x":0.3056197464466095,"y":0.03523809090256691,"z":0.021524159237742425},"rotation":{"x":-0.040797531604766849,"y":-0.008397980593144894,"z":0.0003402341972105205,"w":-0.9991421103477478},"size":5.893723011016846,"orthographic":false}